{
  "data_date": "2026-07-13 00:00:00",
  "current_vnindex": 1800.54,
  "horizons": [
    {
      "horizon": 5,
      "probability_positive": 0.5353589653968811,
      "return_quantiles": {
        "5": -2.3011746406555176,
        "25": -1.2388924360275269,
        "50": 0.9359545707702637,
        "75": 3.4642672538757324,
        "95": 5.299813270568848
      },
      "projected_index_quantiles": {
        "5": 1759.579503389597,
        "50": 1817.4713187932969,
        "95": 1898.539113664627
      },
      "calibrated_interval": [
        -3.867495480795224,
        6.866134110708554
      ],
      "mdd_quantiles": [
        -2.794715642929077,
        -2.6225688457489014,
        -1.690586805343628
      ],
      "volatility": 4.0293989181518555,
      "expert_weights": [
        0.24369658529758453,
        0.23314905166625977,
        0.2736705243587494,
        0.24948382377624512
      ],
      "confidence": {
        "score": 79,
        "label": "High"
      },
      "interval_width": 10.733629591503778
    },
    {
      "horizon": 20,
      "probability_positive": 0.5353589653968811,
      "return_quantiles": {
        "5": -2.3011746406555176,
        "25": -1.2388924360275269,
        "50": 0.9359545707702637,
        "75": 3.464266777038574,
        "95": 5.2998127937316895
      },
      "projected_index_quantiles": {
        "5": 1759.579503389597,
        "50": 1817.4713187932969,
        "95": 1898.539113664627
      },
      "calibrated_interval": [
        -7.810888936344455,
        10.809527089420627
      ],
      "mdd_quantiles": [
        -2.794715642929077,
        -2.6225688457489014,
        -1.690586805343628
      ],
      "volatility": 4.0293989181518555,
      "expert_weights": [
        0.24369658529758453,
        0.23314903676509857,
        0.2736705243587494,
        0.24948382377624512
      ],
      "confidence": {
        "score": 83,
        "label": "High"
      },
      "interval_width": 18.62041602576508
    },
    {
      "horizon": 60,
      "probability_positive": 0.5353589653968811,
      "return_quantiles": {
        "5": -2.3011746406555176,
        "25": -1.2388924360275269,
        "50": 0.9359545707702637,
        "75": 3.464266777038574,
        "95": 5.2998127937316895
      },
      "projected_index_quantiles": {
        "5": 1759.579503389597,
        "50": 1817.4713187932969,
        "95": 1898.539113664627
      },
      "calibrated_interval": [
        -17.436018623379507,
        20.43465677645568
      ],
      "mdd_quantiles": [
        -2.794715642929077,
        -2.6225688457489014,
        -1.6905869245529175
      ],
      "volatility": 4.0293989181518555,
      "expert_weights": [
        0.24369658529758453,
        0.23314903676509857,
        0.2736705243587494,
        0.24948382377624512
      ],
      "confidence": {
        "score": 69,
        "label": "Medium"
      },
      "interval_width": 37.870675399835186
    }
  ],
  "interpretation": [
    "The 5-session forecast is primarily influenced by the long expert.",
    "The 20-session forecast is primarily influenced by the long expert.",
    "The 60-session forecast is primarily influenced by the long expert."
  ]
}