horizon,probability_positive,calibrated_interval,mdd_quantiles,volatility,expert_weights,interval_width,return_quantiles.5,return_quantiles.25,return_quantiles.50,return_quantiles.75,return_quantiles.95,projected_index_quantiles.5,projected_index_quantiles.50,projected_index_quantiles.95,confidence.score,confidence.label
5,0.5353589653968811,"[-3.867495480795224, 6.866134110708554]","[-2.794715642929077, -2.6225688457489014, -1.690586805343628]",4.0293989181518555,"[0.24369658529758453, 0.23314905166625977, 0.2736705243587494, 0.24948382377624512]",10.733629591503778,-2.3011746406555176,-1.2388924360275269,0.9359545707702637,3.4642672538757324,5.299813270568848,1759.579503389597,1817.4713187932969,1898.539113664627,79,High
20,0.5353589653968811,"[-7.810888936344455, 10.809527089420627]","[-2.794715642929077, -2.6225688457489014, -1.690586805343628]",4.0293989181518555,"[0.24369658529758453, 0.23314903676509857, 0.2736705243587494, 0.24948382377624512]",18.62041602576508,-2.3011746406555176,-1.2388924360275269,0.9359545707702637,3.464266777038574,5.2998127937316895,1759.579503389597,1817.4713187932969,1898.539113664627,83,High
60,0.5353589653968811,"[-17.436018623379507, 20.43465677645568]","[-2.794715642929077, -2.6225688457489014, -1.6905869245529175]",4.0293989181518555,"[0.24369658529758453, 0.23314903676509857, 0.2736705243587494, 0.24948382377624512]",37.870675399835186,-2.3011746406555176,-1.2388924360275269,0.9359545707702637,3.464266777038574,5.2998127937316895,1759.579503389597,1817.4713187932969,1898.539113664627,69,Medium
