horizon,probability_positive,return_quantiles,raw_interval,calibrated_interval,mdd_quantiles,volatility,expert_weights,expert_disagreement,seed_dispersion,confidence.score,confidence.label
5,0.5258725881576538,"[-2.7663979530334473, -0.7972712516784668, 0.5948701500892639, 1.0365599393844604, 3.742177963256836]","[-2.7663979530334473, 3.742177963256836]","[-4.576669756898527, 5.5524497671219155]","[-3.2568535804748535, -1.6724845170974731, -0.4062780439853668]",13.190559387207031,"[0.2172781378030777, 0.2579295039176941, 0.270363986492157, 0.25442835688591003]",0.3012348413467407,0.0,76,High
20,0.5960896015167236,"[-7.024903297424316, -0.8801931738853455, 1.3868260383605957, 3.3436248302459717, 7.8552165031433105]","[-7.024903297424316, 7.8552165031433105]","[-8.835175101289396, 9.66548830700839]","[-7.537947654724121, -3.4476380348205566, -1.1412017345428467]",14.985648155212402,"[0.18763692677021027, 0.24524153769016266, 0.3126835823059082, 0.25443801283836365]",0.6235888004302979,0.0,69,Medium
60,0.590431272983551,"[-12.38461971282959, -0.6657103896141052, 3.7146594524383545, 7.608800888061523, 16.386127471923828]","[-12.38461971282959, 16.386127471923828]","[-14.19489151669467, 18.196399275788906]","[-13.521459579467773, -7.405277729034424, -2.113604784011841]",16.27939796447754,"[0.14174526929855347, 0.23650872707366943, 0.3406568467617035, 0.2810892164707184]",1.5356025695800781,0.0,57,Medium
