epoch,learning_rate,train_total,train_return,train_direction,train_mdd,train_volatility,train_balance,train_aux,train_gate_balance,train_gate_entropy,train_normalized_gate_entropy,train_gate_min,train_gate_max,validation_total
1,0.0017516992455793442,0.5039277945955595,0.23624176759686735,0.6282857064571645,0.18849772070017126,0.13739268678343958,0.007554953672499525,0.7633138108584616,0.007554953672499525,1.3402668916516833,0.9667981995476617,0.12118993627114429,0.49990801844331956,0.28826988240083057
2,0.0017516992455793442,0.3670702568358845,0.16228374828481013,0.4686295443938838,0.14276175687296522,0.08078140046240555,0.010774333398633948,0.6748158368799422,0.010774333398633948,1.1325504067871306,0.8169624250796106,0.016755343295194,0.9091420761413045,0.42598915100097656
3,0.0017516992455793442,0.3055792827573087,0.1291690557781193,0.3799356325632996,0.1238196212798357,0.06599684049271876,0.013240732205708304,0.6296159774065018,0.013240732205708304,0.9698788887924619,0.6996197311414613,0.0020515065294198897,0.9757891371846199,0.398199384411176
4,0.0017516992455793442,0.27463910956349635,0.11655060936593348,0.32809081735710305,0.11079192099471886,0.05635971131010188,0.010794906246398265,0.595482774078846,0.010794906246398265,0.9041201952430937,0.6521848614017168,0.0009218058168901027,0.9853313565254211,0.3792816549539566
5,0.0008758496227896721,0.2316177694333924,0.09565525295005904,0.2684449108524455,0.09585082013573912,0.046401996450084776,0.00879601456431879,0.5399319177700413,0.00879601456431879,0.83684234900607,0.6036541511615118,0.00033728481149511127,0.9921642856465446,0.4832402467727661
6,0.0008758496227896721,0.21271910890936852,0.08768349109838407,0.23917548979322115,0.08792281130121814,0.042479325266968876,0.007617463899401223,0.5127748404112127,0.007617463899401223,0.8025845065712929,0.5789423427648015,0.00030700780169152294,0.9916844624612067,0.47421593964099884
7,0.0008758496227896721,0.19580822479393747,0.07981749717146158,0.21215322551627955,0.08192519843578339,0.03907576627615425,0.007814013360378643,0.4926014149354564,0.007814013360378643,0.7961327127284474,0.5742883574631479,0.00026752257422736473,0.9920156457357936,0.4571465353171031
