epoch,learning_rate,train_total,train_return,train_direction,train_mdd,train_volatility,train_balance,train_aux,train_gate_balance,train_gate_entropy,train_normalized_gate_entropy,train_gate_min,train_gate_max,validation_total
1,0.0004988085360985748,0.5195211326253826,0.22852710814311586,0.6454933275436533,0.19908037858790364,0.1463940535382978,0.00353229872052907,0.7589625490122828,0.00353229872052907,1.373258450935627,0.9905965759836394,0.15830071129161735,0.3843935887361395,0.5088964477181435
2,0.0004988085360985748,0.39983274761972754,0.17116116346984073,0.5027761356583957,0.15614918568010988,0.09260207337552104,0.013266241531176814,0.6860472025542423,0.013266241531176814,1.3269588700656234,0.957198487273578,0.08343182684018693,0.5726653907833428,0.5756315514445305
3,0.0004988085360985748,0.34210428698309536,0.14466144337222495,0.4256422720078764,0.13627351602089816,0.07393289042700982,0.007892811407961336,0.6433536261320114,0.007892811407961336,1.2506302389605293,0.9021390172941931,0.035210678899853395,0.7718900997063209,0.6724363416433334
4,0.0002494042680492874,0.29691796004772186,0.12307313739739616,0.36337948564825384,0.12247590091207931,0.06317896986829824,0.009502056500360626,0.6112303939358942,0.009502056500360626,1.1296441164510003,0.814865984793367,0.007850708086685887,0.9179730168704329,0.6697661727666855
