epoch,learning_rate,train_total,train_return,train_direction,train_mdd,train_volatility,train_balance,train_aux,train_gate_balance,train_gate_entropy,train_normalized_gate_entropy,train_gate_min,train_gate_max,validation_total
1,0.0004988085360985748,0.5221155865324868,0.22902778232539142,0.6354749975381074,0.20678249470613622,0.15261823863342958,0.004455849982116854,0.7781577308972677,0.004455849982116854,1.3696469841180023,0.987991452217102,0.1470942356520229,0.38670603599813247,0.3636629357933998
2,0.0004988085360985748,0.40128781618895354,0.17161015448746858,0.4963753366911853,0.16112754907872942,0.09428892822729217,0.01699244562122557,0.6975184833561933,0.01699244562122557,1.3196145715536896,0.9519006974167294,0.08504890616017359,0.594552946863351,0.3747427612543106
3,0.0004988085360985748,0.3571881006161372,0.1540325775190636,0.43651943239900803,0.14198958059703862,0.07694296387058717,0.020230954944121617,0.6517111184420409,0.020230954944121617,1.2685167811535023,0.915041431232735,0.0482241892842231,0.758596478788941,0.4823523536324501
4,0.0002494042680492874,0.321661987790355,0.13707264885306358,0.39238398439354366,0.13023815938719996,0.06628475151956081,0.02115563498120065,0.6151142865419388,0.02115563498120065,1.1920271008102983,0.8598657912678189,0.018792809702938906,0.8762644165092044,0.485472209751606
