{
  "h5": {
    "return_mae": 2.113332388029835,
    "return_pinball": 0.6916779454628125,
    "brier": 0.24668061186059764
  },
  "h20": {
    "return_mae": 4.196371234710663,
    "return_pinball": 1.3969629924198754,
    "brier": 0.24397398401289994
  },
  "h60": {
    "return_mae": 6.395181570534692,
    "return_pinball": 2.292021158807975,
    "brier": 0.23611019609114667
  }
}