{
  "h5": {
    "zero_point_mae": 2.338634555704334,
    "empirical_distribution_pinball": 0.7463264523278045,
    "historical_frequency_brier": 0.24795451329038962,
    "historical_mean_mae": 2.3156914916445914,
    "historical_mean_pinball": 0.7564325077382079,
    "ridge_mae": 2.4064770029742117,
    "ridge_pinball": 0.7872520335053818,
    "logistic_brier": 0.25550133765241595,
    "empirical_mdd_pinball": 0.4815640665414627,
    "empirical_volatility_mae": 7.570878093062764,
    "return_mae": 2.338634555704334,
    "return_pinball": 0.7463264523278045,
    "brier": 0.24795451329038962
  },
  "h20": {
    "zero_point_mae": 4.826386116632886,
    "empirical_distribution_pinball": 1.5979022721090357,
    "historical_frequency_brier": 0.2468271180111362,
    "historical_mean_mae": 4.746568591063369,
    "historical_mean_pinball": 1.60124060153825,
    "ridge_mae": 5.579970497377133,
    "ridge_pinball": 1.835988483237052,
    "logistic_brier": 0.27650763557507296,
    "empirical_mdd_pinball": 0.9738233405690432,
    "empirical_volatility_mae": 6.553790250471917,
    "return_mae": 4.826386116632886,
    "return_pinball": 1.5979022721090357,
    "brier": 0.2468271180111362
  },
  "h60": {
    "zero_point_mae": 8.229539222328716,
    "empirical_distribution_pinball": 2.77712596507346,
    "historical_frequency_brier": 0.24275912267669944,
    "historical_mean_mae": 8.043772121528487,
    "historical_mean_pinball": 3.00893481117907,
    "ridge_mae": 9.062536669796206,
    "ridge_pinball": 3.3087293978361534,
    "logistic_brier": 0.2563964614081032,
    "empirical_mdd_pinball": 1.5684246672705702,
    "empirical_volatility_mae": 4.713211453308864,
    "return_mae": 8.229539222328716,
    "return_pinball": 2.77712596507346,
    "brier": 0.24275912267669944
  }
}