{
  "h5": {
    "return_mae": 2.126809509114085,
    "return_pinball": 0.7120900229630752,
    "brier": 0.24672511812918893
  },
  "h20": {
    "return_mae": 4.445027404174484,
    "return_pinball": 1.5322035125924687,
    "brier": 0.24442401322798724
  },
  "h60": {
    "return_mae": 7.007498312920471,
    "return_pinball": 2.658389688622588,
    "brier": 0.23782715084941936
  }
}