{
  "h5_mae_difference_ci95": [
    -0.07180928249928514,
    0.15345227713585669
  ],
  "h20_mae_difference_ci95": [
    -0.1708667999229088,
    0.7141947731738729
  ],
  "h60_mae_difference_ci95": [
    -0.2919707379614684,
    1.961551665429398
  ]
}