{
  "h5_mae_difference_ci95": [
    -0.03764098583685142,
    0.2008220894498384
  ],
  "h20_mae_difference_ci95": [
    -0.19006433377509285,
    0.6995785813636005
  ],
  "h60_mae_difference_ci95": [
    -0.8102913939225984,
    1.6144138171368212
  ]
}