{
  "h5_mae_difference_ci95": [
    -0.07029961807695621,
    0.05273557024635288
  ],
  "h20_mae_difference_ci95": [
    -0.2400019531425932,
    0.3342668142753141
  ],
  "h60_mae_difference_ci95": [
    -0.839448404973816,
    1.5070361015671152
  ]
}