{
  "h5_mae_difference_ci95": [
    -0.013183337706727825,
    0.17610963582500513
  ],
  "h20_mae_difference_ci95": [
    0.12979655135488352,
    0.9398406007307667
  ],
  "h60_mae_difference_ci95": [
    0.3033268484437205,
    2.2387540664256957
  ]
}