{
  "h5": {
    "return_mae": 2.3249947341692336,
    "return_rmse": 3.024065786161847,
    "return_pinball": 0.7506173135675112,
    "spearman": -0.01080961087253999,
    "sign_accuracy": 0.5602409638554217,
    "brier": 0.24626615643501282,
    "log_loss": 0.6856160163879395,
    "balanced_accuracy": 0.49168272794662715,
    "f1": 0.7035256410256411,
    "mcc": -0.03254203512116093,
    "mdd_mae": 1.5045785004215424,
    "mdd_pinball": 0.49859393682221026,
    "volatility_mae": 7.139736634015781,
    "volatility_rmse": 10.390730163378123,
    "roc_auc": 0.5156234247590807,
    "coverage": 0.8783132530120482,
    "width": 9.330557823181152,
    "winkler": 13.553941087177447,
    "calibrated_interval": {
      "coverage": 0.9024096385542169,
      "width": 10.15328389276993,
      "winkler": 13.472007064203467
    },
    "vs_zero_baseline": {
      "return_mae": -0.01363982153510035,
      "return_pinball": 0.004290861239706678,
      "brier": -0.0016883568553767991
    }
  },
  "h20": {
    "return_mae": 4.848557347241502,
    "return_rmse": 6.37749288963463,
    "return_pinball": 1.5966234917420634,
    "spearman": -0.04050227028051414,
    "sign_accuracy": 0.5421686746987951,
    "brier": 0.24959763884544373,
    "log_loss": 0.6925144195556641,
    "balanced_accuracy": 0.4707807873996986,
    "f1": 0.7018095987411487,
    "mcc": -0.13469150772684763,
    "mdd_mae": 3.253043204637948,
    "mdd_pinball": 1.0417570261644595,
    "volatility_mae": 6.263054744589178,
    "volatility_rmse": 8.35003409524722,
    "roc_auc": 0.4899653896788567,
    "coverage": 0.8674698795180723,
    "width": 20.496051788330078,
    "winkler": 31.323559648876476,
    "calibrated_interval": {
      "coverage": 0.8855421686746988,
      "width": 22.63249704301238,
      "winkler": 30.88193392488783
    },
    "vs_zero_baseline": {
      "return_mae": 0.02217123060861592,
      "return_pinball": -0.0012787803669722653,
      "brier": 0.0027705208343075383
    }
  },
  "h60": {
    "return_mae": 8.566943451608084,
    "return_rmse": 11.300345716039573,
    "return_pinball": 2.8979974277122387,
    "spearman": -0.11146201385038745,
    "sign_accuracy": 0.5650602409638554,
    "brier": 0.24774332344532013,
    "log_loss": 0.6887698173522949,
    "balanced_accuracy": 0.4415841584158416,
    "f1": 0.6990595611285266,
    "mcc": -0.22191916427615235,
    "mdd_mae": 5.498964964043596,
    "mdd_pinball": 1.889383301053388,
    "volatility_mae": 5.892228447665229,
    "volatility_rmse": 7.228993259371455,
    "roc_auc": 0.46555978674790555,
    "coverage": 0.8614457831325302,
    "width": 38.77497100830078,
    "winkler": 60.0733875951495,
    "calibrated_interval": {
      "coverage": 0.8795180722891566,
      "width": 41.29686934884322,
      "winkler": 59.32107531796804
    },
    "vs_zero_baseline": {
      "return_mae": 0.3374042292793682,
      "return_pinball": 0.12087146263877857,
      "brier": 0.004984200768620689
    }
  }
}