{
  "h5": {
    "return_mae": 2.2476324474231375,
    "return_rmse": 3.0356450159481487,
    "return_pinball": 0.7495649648263261,
    "spearman": 0.10545937400168501,
    "sign_accuracy": 0.5945652173913043,
    "brier": 0.2451397180557251,
    "log_loss": 0.6833946108818054,
    "balanced_accuracy": 0.537948957315324,
    "f1": 0.6218951241950322,
    "mcc": 0.0763016916221073,
    "mdd_mae": 1.7733092332483669,
    "mdd_pinball": 0.688501512896055,
    "volatility_mae": 12.484167736994507,
    "volatility_rmse": 16.445991416147177,
    "roc_auc": 0.5515118806248815,
    "coverage": 0.8119565217391305,
    "width": 7.499608993530273,
    "winkler": 15.000125728651156,
    "calibrated_interval": {
      "coverage": 0.9228260869565217,
      "width": 10.632250722092692,
      "winkler": 14.227533222785864
    },
    "vs_zero_baseline": {
      "return_mae": 0.12082293830905266,
      "return_pinball": 0.037474941863250844,
      "brier": -0.001585400073463833
    }
  },
  "h20": {
    "return_mae": 4.2142591596117,
    "return_rmse": 5.647823085774389,
    "return_pinball": 1.533537649333684,
    "spearman": 0.22660046703227693,
    "sign_accuracy": 0.6434782608695652,
    "brier": 0.23843878507614136,
    "log_loss": 0.6696116328239441,
    "balanced_accuracy": 0.5915028131772003,
    "f1": 0.6762589928057554,
    "mcc": 0.18196669461129247,
    "mdd_mae": 3.0552670406256213,
    "mdd_pinball": 1.4398194769768822,
    "volatility_mae": 13.714558829904853,
    "volatility_rmse": 16.18567405408177,
    "roc_auc": 0.6027257003121334,
    "coverage": 0.5641304347826087,
    "width": 7.499608993530273,
    "winkler": 40.416085642575325,
    "calibrated_interval": {
      "coverage": 0.8934782608695652,
      "width": 18.51903760915493,
      "winkler": 25.786325544929543
    },
    "vs_zero_baseline": {
      "return_mae": -0.23076824456278366,
      "return_pinball": 0.0013341367412154082,
      "brier": -0.005985228151845878
    }
  },
  "h60": {
    "return_mae": 6.600095415330457,
    "return_rmse": 8.981113411239651,
    "return_pinball": 2.6179937108176454,
    "spearman": 0.25935124029539575,
    "sign_accuracy": 0.7195652173913043,
    "brier": 0.23206916451454163,
    "log_loss": 0.6558867692947388,
    "balanced_accuracy": 0.5521916146916147,
    "f1": 0.6712095400340715,
    "mcc": 0.09944585188455587,
    "mdd_mae": 6.6806454382718465,
    "mdd_pinball": 3.3101451526845453,
    "volatility_mae": 14.371989948977928,
    "volatility_rmse": 15.780892429621531,
    "roc_auc": 0.5926455301455301,
    "coverage": 0.43478260869565216,
    "width": 7.499608993530273,
    "winkler": 80.41425645875952,
    "calibrated_interval": {
      "coverage": 0.9641304347826087,
      "width": 37.76929701934415,
      "winkler": 42.33103571485055
    },
    "vs_zero_baseline": {
      "return_mae": -0.40740289759001413,
      "return_pinball": -0.04039597780494253,
      "brier": -0.005757986334877729
    }
  }
}