{
  "h5": {
    "return_mae": 2.3688331023767084,
    "return_rmse": 3.093442919741082,
    "return_pinball": 0.7730589325975892,
    "spearman": 0.05144520022231388,
    "sign_accuracy": 0.555421686746988,
    "brier": 0.2563179135322571,
    "log_loss": 0.7095213532447815,
    "balanced_accuracy": 0.4942772424017791,
    "f1": 0.6818565400843882,
    "mcc": -0.016101877944718988,
    "mdd_mae": 1.5167584956850664,
    "mdd_pinball": 0.5069413711475312,
    "volatility_mae": 7.189052904414981,
    "volatility_rmse": 10.662397809019685,
    "roc_auc": 0.5557361008154188,
    "coverage": 0.8036144578313253,
    "width": 7.315670490264893,
    "winkler": 14.341037728078145,
    "calibrated_interval": {
      "coverage": 0.9144578313253012,
      "width": 10.160084299060133,
      "winkler": 13.373219211584
    },
    "vs_zero_baseline": {
      "return_mae": 0.030198546672374427,
      "return_pinball": 0.026732480269784697,
      "brier": 0.008363400241867464
    }
  },
  "h20": {
    "return_mae": 5.005479238656826,
    "return_rmse": 6.628598347043528,
    "return_pinball": 1.7032007185973455,
    "spearman": 0.08671606380406158,
    "sign_accuracy": 0.5662650602409639,
    "brier": 0.26200538873672485,
    "log_loss": 0.7242847084999084,
    "balanced_accuracy": 0.4751264378771542,
    "f1": 0.6532399299474606,
    "mcc": -0.060983051212693255,
    "mdd_mae": 3.1923122910717083,
    "mdd_pinball": 1.0584861422308058,
    "volatility_mae": 6.172602877472491,
    "volatility_rmse": 8.49418132819099,
    "roc_auc": 0.552943068702381,
    "coverage": 0.7385542168674699,
    "width": 14.065791130065918,
    "winkler": 35.65309815008419,
    "calibrated_interval": {
      "coverage": 0.8614457831325302,
      "width": 20.726332201308935,
      "winkler": 29.51437167919301
    },
    "vs_zero_baseline": {
      "return_mae": 0.17909312202394023,
      "return_pinball": 0.10529844648830977,
      "brier": 0.015178270725588666
    }
  },
  "h60": {
    "return_mae": 8.809950045647104,
    "return_rmse": 11.621127668452713,
    "return_pinball": 3.027285238210276,
    "spearman": 0.009538121567368446,
    "sign_accuracy": 0.5289156626506024,
    "brier": 0.25150325894355774,
    "log_loss": 0.700344979763031,
    "balanced_accuracy": 0.49296268088347295,
    "f1": 0.6855184233076264,
    "mcc": -0.017097829216133516,
    "mdd_mae": 5.398773208880493,
    "mdd_pinball": 1.8530523191023371,
    "volatility_mae": 5.114138839446175,
    "volatility_rmse": 6.608435969090534,
    "roc_auc": 0.5356405178979436,
    "coverage": 0.7662650602409639,
    "width": 27.7186279296875,
    "winkler": 62.14645329731698,
    "calibrated_interval": {
      "coverage": 0.863855421686747,
      "width": 39.23203159297468,
      "winkler": 52.271580235444205
    },
    "vs_zero_baseline": {
      "return_mae": 0.5804108233183882,
      "return_pinball": 0.25015927313681585,
      "brier": 0.008744136266858299
    }
  }
}