{
  "h5": {
    "return_mae": 2.405427505185717,
    "return_rmse": 3.142700583757792,
    "return_pinball": 0.7993571338596799,
    "spearman": 0.04700830382098958,
    "sign_accuracy": 0.5277108433734939,
    "brier": 0.2563707232475281,
    "log_loss": 0.7077465653419495,
    "balanced_accuracy": 0.5461230541141586,
    "f1": 0.6072186836518046,
    "mcc": 0.09200200272774786,
    "mdd_mae": 1.5282952350324732,
    "mdd_pinball": 0.5122203286639804,
    "volatility_mae": 7.084856759677624,
    "volatility_rmse": 10.131719741861735,
    "roc_auc": 0.5332186805040771,
    "coverage": 0.7650602409638554,
    "width": 6.781481742858887,
    "winkler": 15.121240567597319,
    "calibrated_interval": {
      "coverage": 0.9132530120481928,
      "width": 10.543746314797799,
      "winkler": 13.39452885629253
    },
    "vs_zero_baseline": {
      "return_mae": 0.06679294948138281,
      "return_pinball": 0.0530306815318754,
      "brier": 0.00841620995713846
    }
  },
  "h20": {
    "return_mae": 5.340940741238528,
    "return_rmse": 6.725317255690593,
    "return_pinball": 1.7224544244640936,
    "spearman": 0.06920386689310797,
    "sign_accuracy": 0.5325301204819277,
    "brier": 0.25280919671058655,
    "log_loss": 0.7012386322021484,
    "balanced_accuracy": 0.5301812723016162,
    "f1": 0.6454720616570327,
    "mcc": 0.06342257487953776,
    "mdd_mae": 3.148786618117761,
    "mdd_pinball": 1.0449257509025567,
    "volatility_mae": 6.1940362101817135,
    "volatility_rmse": 8.13630524295701,
    "roc_auc": 0.544740243880645,
    "coverage": 0.772289156626506,
    "width": 15.81506633758545,
    "winkler": 30.662304384541276,
    "calibrated_interval": {
      "coverage": 0.9144578313253012,
      "width": 22.616021821588692,
      "winkler": 27.65963074719008
    },
    "vs_zero_baseline": {
      "return_mae": 0.5145546246056423,
      "return_pinball": 0.1245521523550579,
      "brier": 0.0059820786994503605
    }
  },
  "h60": {
    "return_mae": 9.246427208693834,
    "return_rmse": 11.560138176100297,
    "return_pinball": 2.933367180777244,
    "spearman": 0.059414207237646205,
    "sign_accuracy": 0.5313253012048192,
    "brier": 0.2488255500793457,
    "log_loss": 0.6907854080200195,
    "balanced_accuracy": 0.4971515613099772,
    "f1": 0.6110019646365422,
    "mcc": -0.005723160529638801,
    "mdd_mae": 4.9852297464737,
    "mdd_pinball": 1.695452520204862,
    "volatility_mae": 5.440624665283796,
    "volatility_rmse": 6.746653912721847,
    "roc_auc": 0.5248804265041889,
    "coverage": 0.7975903614457831,
    "width": 31.42945671081543,
    "winkler": 50.08910878579784,
    "calibrated_interval": {
      "coverage": 0.9554216867469879,
      "width": 46.01274202222622,
      "winkler": 47.82247739508346
    },
    "vs_zero_baseline": {
      "return_mae": 1.0168879863651181,
      "return_pinball": 0.1562412157037838,
      "brier": 0.006066427402646263
    }
  }
}