{
  "run_label": "quick",
  "runtime_seconds": 129.31,
  "tests_not_run_inside_pipeline": true,
  "best_params": {
    "hidden_dim": 96,
    "latent_dim": 48,
    "n_blocks": 3,
    "dropout": 0.06046161484954134,
    "gate_temperature": 1.0,
    "medium_pool": 3,
    "long_pool": 20,
    "learning_rate": 0.0004988085360985748,
    "weight_decay": 7.200713608744524e-05,
    "batch_size": 64
  },
  "seed_results": [
    {
      "seed": 42,
      "best_epoch": 1,
      "best_validation_loss": 0.5088964477181435
    }
  ],
  "metrics": {
    "h5": {
      "return_mae": 2.212393534909884,
      "return_rmse": 2.978442134097221,
      "return_pinball": 0.7311886707195604,
      "spearman": 0.07081215153754834,
      "sign_accuracy": 0.528344671201814,
      "brier": 0.24635231494903564,
      "log_loss": 0.6855680346488953,
      "balanced_accuracy": 0.5260139025118342,
      "f1": 0.6130268199233716,
      "mcc": 0.05193817720252539,
      "mdd_mae": 1.332491172822738,
      "mdd_pinball": 0.44101034974552383,
      "volatility_mae": 6.438099695015117,
      "volatility_rmse": 10.501505994833929,
      "roc_auc": 0.5467983709326624,
      "coverage": 0.8129251700680272,
      "width": 6.87320613861084,
      "winkler": 13.505557498484931,
      "calibrated_interval": {
        "coverage": 0.9319727891156463,
        "width": 10.493749882174713,
        "winkler": 13.029694691277749
      },
      "vs_zero_baseline": {
        "return_mae": 0.09906114688004886,
        "return_pinball": 0.039510725256747925,
        "brier": -0.00032829691156199825
      }
    },
    "h20": {
      "return_mae": 4.561003684435695,
      "return_rmse": 5.814490921837856,
      "return_pinball": 1.4368743595687126,
      "spearman": 0.1177566574646822,
      "sign_accuracy": 0.5306122448979592,
      "brier": 0.2336093783378601,
      "log_loss": 0.6590039134025574,
      "balanced_accuracy": 0.5223566061938794,
      "f1": 0.7258444619010213,
      "mcc": 0.05453877285109245,
      "mdd_mae": 2.405933459250677,
      "mdd_pinball": 0.7955308222712132,
      "volatility_mae": 5.505493041497565,
      "volatility_rmse": 8.258019616221153,
      "roc_auc": 0.5610364224987645,
      "coverage": 0.8424036281179138,
      "width": 16.14272689819336,
      "winkler": 24.180683487121552,
      "calibrated_interval": {
        "coverage": 0.9591836734693877,
        "width": 23.7069190650343,
        "winkler": 25.509666516871636
      },
      "vs_zero_baseline": {
        "return_mae": 0.3646324497250317,
        "return_pinball": 0.03991136714883714,
        "brier": -0.010364605675039829
      }
    },
    "h60": {
      "return_mae": 7.060393782913785,
      "return_rmse": 8.60760288765488,
      "return_pinball": 2.1774492932606817,
      "spearman": 0.22258890302881437,
      "sign_accuracy": 0.6099773242630385,
      "brier": 0.21783004701137543,
      "log_loss": 0.6255068778991699,
      "balanced_accuracy": 0.502757901013715,
      "f1": 0.7465857359635811,
      "mcc": 0.00612706035073801,
      "mdd_mae": 3.6797030234626567,
      "mdd_pinball": 1.2379949652240931,
      "volatility_mae": 5.210147638361776,
      "volatility_rmse": 6.528935908190753,
      "roc_auc": 0.5812338501291989,
      "coverage": 0.9047619047619048,
      "width": 30.646373748779297,
      "winkler": 34.575109517019406,
      "calibrated_interval": {
        "coverage": 1.0,
        "width": 47.96275139506657,
        "winkler": 47.96275139506657
      },
      "vs_zero_baseline": {
        "return_mae": 0.6652122123790924,
        "return_pinball": -0.11457186554729315,
        "brier": -0.01828014907977124
      }
    }
  },
  "baseline": {
    "h5": {
      "return_mae": 2.113332388029835,
      "return_pinball": 0.6916779454628125,
      "brier": 0.24668061186059764
    },
    "h20": {
      "return_mae": 4.196371234710663,
      "return_pinball": 1.3969629924198754,
      "brier": 0.24397398401289994
    },
    "h60": {
      "return_mae": 6.395181570534692,
      "return_pinball": 2.292021158807975,
      "brier": 0.23611019609114667
    }
  },
  "ablation": [
    {
      "name": "equal",
      "return_pinball_mean": 1.4198710765521672
    },
    {
      "name": "single",
      "return_pinball_mean": 1.6020207931795667
    }
  ],
  "bootstrap": {
    "h5_mae_difference_ci95": [
      -0.03764098583685142,
      0.2008220894498384
    ],
    "h20_mae_difference_ci95": [
      -0.19006433377509285,
      0.6995785813636005
    ],
    "h60_mae_difference_ci95": [
      -0.8102913939225984,
      1.6144138171368212
    ]
  },
  "figures": [
    "vnindex_close_history.png",
    "vnindex_drawdown_history.png",
    "rolling_volatility.png",
    "return_distribution.png",
    "data_quality_overview.png",
    "target_distribution_by_horizon.png",
    "training_total_loss_by_seed.png",
    "training_return_loss.png",
    "training_direction_loss.png",
    "training_mdd_loss.png",
    "training_volatility_loss.png",
    "learning_rate_history.png",
    "seed_validation_comparison.png",
    "predicted_vs_actual_return_h5.png",
    "return_fan_chart_h5.png",
    "residual_return_h5.png",
    "rolling_coverage_h5.png",
    "direction_reliability_h5.png",
    "gate_weights_h5.png",
    "expert_predictions_h5.png",
    "predicted_vs_actual_mdd_h5.png",
    "predicted_vs_actual_return_h20.png",
    "return_fan_chart_h20.png",
    "residual_return_h20.png",
    "rolling_coverage_h20.png",
    "direction_reliability_h20.png",
    "gate_weights_h20.png",
    "expert_predictions_h20.png",
    "predicted_vs_actual_mdd_h20.png",
    "predicted_vs_actual_return_h60.png",
    "return_fan_chart_h60.png",
    "residual_return_h60.png",
    "rolling_coverage_h60.png",
    "direction_reliability_h60.png",
    "gate_weights_h60.png",
    "expert_predictions_h60.png",
    "predicted_vs_actual_mdd_h60.png",
    "raw_vs_calibrated_coverage.png",
    "interval_width_by_horizon.png",
    "interval_score_by_horizon.png",
    "conditional_coverage_by_volatility.png",
    "direction_probability_vs_actual.png",
    "brier_score_by_horizon.png",
    "mean_gate_weights_by_horizon.png",
    "gate_entropy_by_horizon.png",
    "expert_disagreement.png",
    "expert_latent_correlation.png",
    "expert_usage_by_market_condition.png",
    "predicted_vs_actual_volatility.png",
    "mdd_threshold_calibration.png",
    "baseline_return_pinball_comparison.png",
    "baseline_direction_brier_comparison.png",
    "baseline_interval_coverage_comparison.png",
    "baseline_interval_score_comparison.png",
    "ablation_comparison.png",
    "bootstrap_confidence_intervals.png",
    "performance_by_market_condition.png",
    "seed_stability.png",
    "latest_horizon_return_profile.png",
    "latest_projected_index_interval.png",
    "latest_gate_weights.png",
    "latest_risk_profile.png",
    "latest_confidence_components.png"
  ]
}